id,date,commodity_group,commodity_id,commodity,zone,centre_id,centre,price
7985134,07-03-2023,Grains & Pulses,1,Atta (Wheat),South Zone,37,Chennai,37
7977339,06-03-2023,Grains & Pulses,1,Atta (Wheat),South Zone,37,Chennai,37
7508331,02-01-2023,Grains & Pulses,1,Atta (Wheat),South Zone,37,Chennai,39
7991779,08-03-2023,Grains & Pulses,1,Atta (Wheat),South Zone,37,Chennai,37
7504009,01-01-2023,Grains & Pulses,1,Atta (Wheat),South Zone,37,Chennai,39
7515445,03-01-2023,Grains & Pulses,1,Atta (Wheat),South Zone,37,Chennai,39
7522972,04-01-2023,Grains & Pulses,1,Atta (Wheat),South Zone,37,Chennai,39
7530395,05-01-2023,Grains & Pulses,1,Atta (Wheat),South Zone,37,Chennai,39
7571430,11-01-2023,Grains & Pulses,1,Atta (Wheat),South Zone,37,Chennai,41
7552244,08-01-2023,Grains & Pulses,1,Atta (Wheat),South Zone,37,Chennai,39
7556834,09-01-2023,Grains & Pulses,1,Atta (Wheat),South Zone,37,Chennai,39
7563748,10-01-2023,Grains & Pulses,1,Atta (Wheat),South Zone,37,Chennai,39
7537960,06-01-2023,Grains & Pulses,1,Atta (Wheat),South Zone,37,Chennai,39
7545450,07-01-2023,Grains & Pulses,1,Atta (Wheat),South Zone,37,Chennai,39
7600683,15-01-2023,Grains & Pulses,1,Atta (Wheat),South Zone,37,Chennai,41
7586784,13-01-2023,Grains & Pulses,1,Atta (Wheat),South Zone,37,Chennai,41
7594618,14-01-2023,Grains & Pulses,1,Atta (Wheat),South Zone,37,Chennai,41
7579077,12-01-2023,Grains & Pulses,1,Atta (Wheat),South Zone,37,Chennai,41
7644723,21-01-2023,Grains & Pulses,1,Atta (Wheat),South Zone,37,Chennai,41
7628712,19-01-2023,Grains & Pulses,1,Atta (Wheat),South Zone,37,Chennai,41
7636716,20-01-2023,Grains & Pulses,1,Atta (Wheat),South Zone,37,Chennai,41
7605335,16-01-2023,Grains & Pulses,1,Atta (Wheat),South Zone,37,Chennai,41
7612627,17-01-2023,Grains & Pulses,1,Atta (Wheat),South Zone,37,Chennai,41
7620647,18-01-2023,Grains & Pulses,1,Atta (Wheat),South Zone,37,Chennai,41
7657174,23-01-2023,Grains & Pulses,1,Atta (Wheat),South Zone,37,Chennai,41
7687163,27-01-2023,Grains & Pulses,1,Atta (Wheat),South Zone,37,Chennai,41
7673273,25-01-2023,Grains & Pulses,1,Atta (Wheat),South Zone,37,Chennai,41
7681495,26-01-2023,Grains & Pulses,1,Atta (Wheat),South Zone,37,Chennai,41
7665136,24-01-2023,Grains & Pulses,1,Atta (Wheat),South Zone,37,Chennai,41
7708164,30-01-2023,Grains & Pulses,1,Atta (Wheat),South Zone,37,Chennai,41
7695477,28-01-2023,Grains & Pulses,1,Atta (Wheat),South Zone,37,Chennai,41
7702662,29-01-2023,Grains & Pulses,1,Atta (Wheat),South Zone,37,Chennai,41
7741293,03-02-2023,Grains & Pulses,1,Atta (Wheat),South Zone,37,Chennai,36
7716473,31-01-2023,Grains & Pulses,1,Atta (Wheat),South Zone,37,Chennai,38
7724783,01-02-2023,Grains & Pulses,1,Atta (Wheat),South Zone,37,Chennai,38
7733038,02-02-2023,Grains & Pulses,1,Atta (Wheat),South Zone,37,Chennai,36
7756901,05-02-2023,Grains & Pulses,1,Atta (Wheat),South Zone,37,Chennai,36
7749533,04-02-2023,Grains & Pulses,1,Atta (Wheat),South Zone,37,Chennai,36
7762225,06-02-2023,Grains & Pulses,1,Atta (Wheat),South Zone,37,Chennai,36
7786648,09-02-2023,Grains & Pulses,1,Atta (Wheat),South Zone,37,Chennai,35
7770260,07-02-2023,Grains & Pulses,1,Atta (Wheat),South Zone,37,Chennai,36
7778401,08-02-2023,Grains & Pulses,1,Atta (Wheat),South Zone,37,Chennai,35
7795086,10-02-2023,Grains & Pulses,1,Atta (Wheat),South Zone,37,Chennai,35
7815649,13-02-2023,Grains & Pulses,1,Atta (Wheat),South Zone,37,Chennai,35
7803560,11-02-2023,Grains & Pulses,1,Atta (Wheat),South Zone,37,Chennai,35
7810443,12-02-2023,Grains & Pulses,1,Atta (Wheat),South Zone,37,Chennai,35
7857221,18-02-2023,Grains & Pulses,1,Atta (Wheat),South Zone,37,Chennai,35
7824035,14-02-2023,Grains & Pulses,1,Atta (Wheat),South Zone,37,Chennai,35
7832359,15-02-2023,Grains & Pulses,1,Atta (Wheat),South Zone,37,Chennai,35
7840582,16-02-2023,Grains & Pulses,1,Atta (Wheat),South Zone,37,Chennai,35
7848842,17-02-2023,Grains & Pulses,1,Atta (Wheat),South Zone,37,Chennai,35
7869096,20-02-2023,Grains & Pulses,1,Atta (Wheat),South Zone,37,Chennai,35
7863570,19-02-2023,Grains & Pulses,1,Atta (Wheat),South Zone,37,Chennai,35
7910662,25-02-2023,Grains & Pulses,1,Atta (Wheat),South Zone,37,Chennai,35
7885659,22-02-2023,Grains & Pulses,1,Atta (Wheat),South Zone,37,Chennai,35
7893959,23-02-2023,Grains & Pulses,1,Atta (Wheat),South Zone,37,Chennai,35
7902373,24-02-2023,Grains & Pulses,1,Atta (Wheat),South Zone,37,Chennai,35
7877283,21-02-2023,Grains & Pulses,1,Atta (Wheat),South Zone,37,Chennai,35
7923037,27-02-2023,Grains & Pulses,1,Atta (Wheat),South Zone,37,Chennai,35
7917883,26-02-2023,Grains & Pulses,1,Atta (Wheat),South Zone,37,Chennai,35
7939472,01-03-2023,Grains & Pulses,1,Atta (Wheat),South Zone,37,Chennai,37
7931228,28-02-2023,Grains & Pulses,1,Atta (Wheat),South Zone,37,Chennai,35
7955935,03-03-2023,Grains & Pulses,1,Atta (Wheat),South Zone,37,Chennai,37
7947721,02-03-2023,Grains & Pulses,1,Atta (Wheat),South Zone,37,Chennai,37
8019350,12-03-2023,Grains & Pulses,1,Atta (Wheat),South Zone,37,Chennai,35
8012590,11-03-2023,Grains & Pulses,1,Atta (Wheat),South Zone,37,Chennai,35
7964171,04-03-2023,Grains & Pulses,1,Atta (Wheat),South Zone,37,Chennai,37
7971768,05-03-2023,Grains & Pulses,1,Atta (Wheat),South Zone,37,Chennai,37
7996793,09-03-2023,Grains & Pulses,1,Atta (Wheat),South Zone,37,Chennai,35
8004134,10-03-2023,Grains & Pulses,1,Atta (Wheat),South Zone,37,Chennai,35
8024794,13-03-2023,Grains & Pulses,1,Atta (Wheat),South Zone,37,Chennai,35
8041932,15-03-2023,Grains & Pulses,1,Atta (Wheat),South Zone,37,Chennai,35
8033425,14-03-2023,Grains & Pulses,1,Atta (Wheat),South Zone,37,Chennai,35
8067517,18-03-2023,Grains & Pulses,1,Atta (Wheat),South Zone,37,Chennai,35
8050297,16-03-2023,Grains & Pulses,1,Atta (Wheat),South Zone,37,Chennai,35
8058898,17-03-2023,Grains & Pulses,1,Atta (Wheat),South Zone,37,Chennai,35
8080819,20-03-2023,Grains & Pulses,1,Atta (Wheat),South Zone,37,Chennai,35
8075372,19-03-2023,Grains & Pulses,1,Atta (Wheat),South Zone,37,Chennai,35
8089451,21-03-2023,Grains & Pulses,1,Atta (Wheat),South Zone,37,Chennai,35
8105886,23-03-2023,Grains & Pulses,1,Atta (Wheat),South Zone,37,Chennai,38
8097928,22-03-2023,Grains & Pulses,1,Atta (Wheat),South Zone,37,Chennai,35
8136106,27-03-2023,Grains & Pulses,1,Atta (Wheat),South Zone,37,Chennai,38
8122861,25-03-2023,Grains & Pulses,1,Atta (Wheat),South Zone,37,Chennai,38
8130564,26-03-2023,Grains & Pulses,1,Atta (Wheat),South Zone,37,Chennai,38
8114125,24-03-2023,Grains & Pulses,1,Atta (Wheat),South Zone,37,Chennai,38
8153665,29-03-2023,Grains & Pulses,1,Atta (Wheat),South Zone,37,Chennai,37
8144743,28-03-2023,Grains & Pulses,1,Atta (Wheat),South Zone,37,Chennai,38
8186168,02-04-2023,Grains & Pulses,1,Atta (Wheat),South Zone,37,Chennai,37
8178524,01-04-2023,Grains & Pulses,1,Atta (Wheat),South Zone,37,Chennai,37
8162469,30-03-2023,Grains & Pulses,1,Atta (Wheat),South Zone,37,Chennai,37
8169657,31-03-2023,Grains & Pulses,1,Atta (Wheat),South Zone,37,Chennai,37
8191679,03-04-2023,Grains & Pulses,1,Atta (Wheat),South Zone,37,Chennai,37
8200025,04-04-2023,Grains & Pulses,1,Atta (Wheat),South Zone,37,Chennai,37
8217120,06-04-2023,Grains & Pulses,1,Atta (Wheat),South Zone,37,Chennai,37
8208406,05-04-2023,Grains & Pulses,1,Atta (Wheat),South Zone,37,Chennai,37
8288923,15-04-2023,Grains & Pulses,1,Atta (Wheat),South Zone,37,Chennai,37
8225924,07-04-2023,Grains & Pulses,1,Atta (Wheat),South Zone,37,Chennai,37
8232738,08-04-2023,Grains & Pulses,1,Atta (Wheat),South Zone,37,Chennai,37
8245501,10-04-2023,Grains & Pulses,1,Atta (Wheat),South Zone,37,Chennai,37
8254576,11-04-2023,Grains & Pulses,1,Atta (Wheat),South Zone,37,Chennai,37
8272594,13-04-2023,Grains & Pulses,1,Atta (Wheat),South Zone,37,Chennai,37
8281869,14-04-2023,Grains & Pulses,1,Atta (Wheat),South Zone,37,Chennai,37
8239772,09-04-2023,Grains & Pulses,1,Atta (Wheat),South Zone,37,Chennai,37
8263428,12-04-2023,Grains & Pulses,1,Atta (Wheat),South Zone,37,Chennai,37
8296508,16-04-2023,Grains & Pulses,1,Atta (Wheat),South Zone,37,Chennai,37
8354645,23-04-2023,Grains & Pulses,1,Atta (Wheat),South Zone,37,Chennai,39
8302207,17-04-2023,Grains & Pulses,1,Atta (Wheat),South Zone,37,Chennai,37
8311412,18-04-2023,Grains & Pulses,1,Atta (Wheat),South Zone,37,Chennai,39
8330239,20-04-2023,Grains & Pulses,1,Atta (Wheat),South Zone,37,Chennai,39
8339589,21-04-2023,Grains & Pulses,1,Atta (Wheat),South Zone,37,Chennai,39
8348523,22-04-2023,Grains & Pulses,1,Atta (Wheat),South Zone,37,Chennai,39
8320855,19-04-2023,Grains & Pulses,1,Atta (Wheat),South Zone,37,Chennai,39
8396974,28-04-2023,Grains & Pulses,1,Atta (Wheat),South Zone,37,Chennai,37
8369689,25-04-2023,Grains & Pulses,1,Atta (Wheat),South Zone,37,Chennai,39
8378676,26-04-2023,Grains & Pulses,1,Atta (Wheat),South Zone,37,Chennai,37
8360392,24-04-2023,Grains & Pulses,1,Atta (Wheat),South Zone,37,Chennai,39
8387760,27-04-2023,Grains & Pulses,1,Atta (Wheat),South Zone,37,Chennai,37
8419776,01-05-2023,Grains & Pulses,1,Atta (Wheat),South Zone,37,Chennai,37
8414271,30-04-2023,Grains & Pulses,1,Atta (Wheat),South Zone,37,Chennai,37
8406135,29-04-2023,Grains & Pulses,1,Atta (Wheat),South Zone,37,Chennai,37
8436882,03-05-2023,Grains & Pulses,1,Atta (Wheat),South Zone,37,Chennai,37
8427693,02-05-2023,Grains & Pulses,1,Atta (Wheat),South Zone,37,Chennai,37
8446349,04-05-2023,Grains & Pulses,1,Atta (Wheat),South Zone,37,Chennai,37
8463913,06-05-2023,Grains & Pulses,1,Atta (Wheat),South Zone,37,Chennai,37
8455532,05-05-2023,Grains & Pulses,1,Atta (Wheat),South Zone,37,Chennai,37
8472273,07-05-2023,Grains & Pulses,1,Atta (Wheat),South Zone,37,Chennai,37
8505863,11-05-2023,Grains & Pulses,1,Atta (Wheat),South Zone,37,Chennai,37
8486952,09-05-2023,Grains & Pulses,1,Atta (Wheat),South Zone,37,Chennai,37
8496349,10-05-2023,Grains & Pulses,1,Atta (Wheat),South Zone,37,Chennai,37
8478129,08-05-2023,Grains & Pulses,1,Atta (Wheat),South Zone,37,Chennai,37
8524514,13-05-2023,Grains & Pulses,1,Atta (Wheat),South Zone,37,Chennai,37
8515008,12-05-2023,Grains & Pulses,1,Atta (Wheat),South Zone,37,Chennai,37
8531795,14-05-2023,Grains & Pulses,1,Atta (Wheat),South Zone,37,Chennai,37
8585339,20-05-2023,Grains & Pulses,1,Atta (Wheat),South Zone,37,Chennai,39
8537901,15-05-2023,Grains & Pulses,1,Atta (Wheat),South Zone,37,Chennai,37
8556616,17-05-2023,Grains & Pulses,1,Atta (Wheat),South Zone,37,Chennai,39
8547096,16-05-2023,Grains & Pulses,1,Atta (Wheat),South Zone,37,Chennai,37
8566352,18-05-2023,Grains & Pulses,1,Atta (Wheat),South Zone,37,Chennai,39
8575901,19-05-2023,Grains & Pulses,1,Atta (Wheat),South Zone,37,Chennai,39
8593679,21-05-2023,Grains & Pulses,1,Atta (Wheat),South Zone,37,Chennai,39
8599597,22-05-2023,Grains & Pulses,1,Atta (Wheat),South Zone,37,Chennai,39
8627278,25-05-2023,Grains & Pulses,1,Atta (Wheat),South Zone,37,Chennai,41
8617703,24-05-2023,Grains & Pulses,1,Atta (Wheat),South Zone,37,Chennai,39
8608425,23-05-2023,Grains & Pulses,1,Atta (Wheat),South Zone,37,Chennai,39
8669502,30-05-2023,Grains & Pulses,1,Atta (Wheat),South Zone,37,Chennai,38
8646213,27-05-2023,Grains & Pulses,1,Atta (Wheat),South Zone,37,Chennai,41
8654110,28-05-2023,Grains & Pulses,1,Atta (Wheat),South Zone,37,Chennai,41
8659950,29-05-2023,Grains & Pulses,1,Atta (Wheat),South Zone,37,Chennai,41
8636648,26-05-2023,Grains & Pulses,1,Atta (Wheat),South Zone,37,Chennai,41
8716812,04-06-2023,Grains & Pulses,1,Atta (Wheat),South Zone,37,Chennai,39
8688527,01-06-2023,Grains & Pulses,1,Atta (Wheat),South Zone,37,Chennai,39
8708035,03-06-2023,Grains & Pulses,1,Atta (Wheat),South Zone,37,Chennai,39
8679001,31-05-2023,Grains & Pulses,1,Atta (Wheat),South Zone,37,Chennai,38
8698262,02-06-2023,Grains & Pulses,1,Atta (Wheat),South Zone,37,Chennai,39
8780187,11-06-2023,Grains & Pulses,1,Atta (Wheat),South Zone,37,Chennai,41
8722961,05-06-2023,Grains & Pulses,1,Atta (Wheat),South Zone,37,Chennai,39
8732672,06-06-2023,Grains & Pulses,1,Atta (Wheat),South Zone,37,Chennai,39
8742580,07-06-2023,Grains & Pulses,1,Atta (Wheat),South Zone,37,Chennai,41
8752552,08-06-2023,Grains & Pulses,1,Atta (Wheat),South Zone,37,Chennai,41
8762546,09-06-2023,Grains & Pulses,1,Atta (Wheat),South Zone,37,Chennai,41
8772416,10-06-2023,Grains & Pulses,1,Atta (Wheat),South Zone,37,Chennai,41
8796441,13-06-2023,Grains & Pulses,1,Atta (Wheat),South Zone,37,Chennai,39
8786531,12-06-2023,Grains & Pulses,1,Atta (Wheat),South Zone,37,Chennai,41
8806425,14-06-2023,Grains & Pulses,1,Atta (Wheat),South Zone,37,Chennai,39
8835343,17-06-2023,Grains & Pulses,1,Atta (Wheat),South Zone,37,Chennai,39
8816021,15-06-2023,Grains & Pulses,1,Atta (Wheat),South Zone,37,Chennai,39
8825539,16-06-2023,Grains & Pulses,1,Atta (Wheat),South Zone,37,Chennai,39
8859889,20-06-2023,Grains & Pulses,1,Atta (Wheat),South Zone,37,Chennai,39
8850086,19-06-2023,Grains & Pulses,1,Atta (Wheat),South Zone,37,Chennai,39
8843994,18-06-2023,Grains & Pulses,1,Atta (Wheat),South Zone,37,Chennai,39
8889050,23-06-2023,Grains & Pulses,1,Atta (Wheat),South Zone,37,Chennai,39
8869268,21-06-2023,Grains & Pulses,1,Atta (Wheat),South Zone,37,Chennai,39
8879205,22-06-2023,Grains & Pulses,1,Atta (Wheat),South Zone,37,Chennai,39
8923169,27-06-2023,Grains & Pulses,1,Atta (Wheat),South Zone,37,Chennai,39
8907279,25-06-2023,Grains & Pulses,1,Atta (Wheat),South Zone,37,Chennai,39
8898956,24-06-2023,Grains & Pulses,1,Atta (Wheat),South Zone,37,Chennai,39
8913597,26-06-2023,Grains & Pulses,1,Atta (Wheat),South Zone,37,Chennai,39
9018220,23-04-2023,Grains & Pulses,1,Atta (Wheat),South Zone,37,Chennai,39
8949905,30-06-2023,Grains & Pulses,1,Atta (Wheat),South Zone,37,Chennai,40
8959590,01-07-2023,Grains & Pulses,1,Atta (Wheat),South Zone,37,Chennai,40
9012098,22-04-2023,Grains & Pulses,1,Atta (Wheat),South Zone,37,Chennai,39
8933065,28-06-2023,Grains & Pulses,1,Atta (Wheat),South Zone,37,Chennai,40
8942642,29-06-2023,Grains & Pulses,1,Atta (Wheat),South Zone,37,Chennai,40
8968227,02-07-2023,Grains & Pulses,1,Atta (Wheat),South Zone,37,Chennai,40
8974724,03-07-2023,Grains & Pulses,1,Atta (Wheat),South Zone,37,Chennai,40
8984430,19-04-2023,Grains & Pulses,1,Atta (Wheat),South Zone,37,Chennai,39
8993814,20-04-2023,Grains & Pulses,1,Atta (Wheat),South Zone,37,Chennai,39
9003164,21-04-2023,Grains & Pulses,1,Atta (Wheat),South Zone,37,Chennai,39
9023967,24-04-2023,Grains & Pulses,1,Atta (Wheat),South Zone,37,Chennai,39
9042251,26-04-2023,Grains & Pulses,1,Atta (Wheat),South Zone,37,Chennai,37
9033264,25-04-2023,Grains & Pulses,1,Atta (Wheat),South Zone,37,Chennai,39
9051335,27-04-2023,Grains & Pulses,1,Atta (Wheat),South Zone,37,Chennai,37
9060549,28-04-2023,Grains & Pulses,1,Atta (Wheat),South Zone,37,Chennai,37
9069710,29-04-2023,Grains & Pulses,1,Atta (Wheat),South Zone,37,Chennai,37
9091268,02-05-2023,Grains & Pulses,1,Atta (Wheat),South Zone,37,Chennai,37
9083351,01-05-2023,Grains & Pulses,1,Atta (Wheat),South Zone,37,Chennai,37
9077846,30-04-2023,Grains & Pulses,1,Atta (Wheat),South Zone,37,Chennai,37
9100457,03-05-2023,Grains & Pulses,1,Atta (Wheat),South Zone,37,Chennai,37
9109924,04-05-2023,Grains & Pulses,1,Atta (Wheat),South Zone,37,Chennai,37
9127488,06-05-2023,Grains & Pulses,1,Atta (Wheat),South Zone,37,Chennai,37
9119107,05-05-2023,Grains & Pulses,1,Atta (Wheat),South Zone,37,Chennai,37
9170834,07-07-2023,Grains & Pulses,1,Atta (Wheat),South Zone,37,Chennai,39
9141705,04-07-2023,Grains & Pulses,1,Atta (Wheat),South Zone,37,Chennai,40
9161206,06-07-2023,Grains & Pulses,1,Atta (Wheat),South Zone,37,Chennai,40
9135848,07-05-2023,Grains & Pulses,1,Atta (Wheat),South Zone,37,Chennai,37
9151400,05-07-2023,Grains & Pulses,1,Atta (Wheat),South Zone,37,Chennai,40
9188162,09-07-2023,Grains & Pulses,1,Atta (Wheat),South Zone,37,Chennai,39
9180309,08-07-2023,Grains & Pulses,1,Atta (Wheat),South Zone,37,Chennai,39
9204536,19-04-2023,Grains & Pulses,1,Atta (Wheat),South Zone,37,Chennai,39
9194770,10-07-2023,Grains & Pulses,1,Atta (Wheat),South Zone,37,Chennai,39
9238326,23-04-2023,Grains & Pulses,1,Atta (Wheat),South Zone,37,Chennai,39
9213920,20-04-2023,Grains & Pulses,1,Atta (Wheat),South Zone,37,Chennai,39
9223270,21-04-2023,Grains & Pulses,1,Atta (Wheat),South Zone,37,Chennai,39
9232204,22-04-2023,Grains & Pulses,1,Atta (Wheat),South Zone,37,Chennai,39
9244073,24-04-2023,Grains & Pulses,1,Atta (Wheat),South Zone,37,Chennai,39
9271441,27-04-2023,Grains & Pulses,1,Atta (Wheat),South Zone,37,Chennai,37
9262357,26-04-2023,Grains & Pulses,1,Atta (Wheat),South Zone,37,Chennai,37
9253370,25-04-2023,Grains & Pulses,1,Atta (Wheat),South Zone,37,Chennai,39
9311374,02-05-2023,Grains & Pulses,1,Atta (Wheat),South Zone,37,Chennai,37
9289816,29-04-2023,Grains & Pulses,1,Atta (Wheat),South Zone,37,Chennai,37
9297952,30-04-2023,Grains & Pulses,1,Atta (Wheat),South Zone,37,Chennai,37
9280655,28-04-2023,Grains & Pulses,1,Atta (Wheat),South Zone,37,Chennai,37
9303457,01-05-2023,Grains & Pulses,1,Atta (Wheat),South Zone,37,Chennai,37
9381312,06-07-2023,Grains & Pulses,1,Atta (Wheat),South Zone,37,Chennai,40
9330030,04-05-2023,Grains & Pulses,1,Atta (Wheat),South Zone,37,Chennai,37
9355954,07-05-2023,Grains & Pulses,1,Atta (Wheat),South Zone,37,Chennai,37
9361811,04-07-2023,Grains & Pulses,1,Atta (Wheat),South Zone,37,Chennai,40
9371506,05-07-2023,Grains & Pulses,1,Atta (Wheat),South Zone,37,Chennai,40
9320563,03-05-2023,Grains & Pulses,1,Atta (Wheat),South Zone,37,Chennai,37
9339213,05-05-2023,Grains & Pulses,1,Atta (Wheat),South Zone,37,Chennai,37
9347594,06-05-2023,Grains & Pulses,1,Atta (Wheat),South Zone,37,Chennai,37
9434330,04-07-2023,Grains & Pulses,1,Atta (Wheat),South Zone,37,Chennai,40
9408268,09-07-2023,Grains & Pulses,1,Atta (Wheat),South Zone,37,Chennai,39
9414876,10-07-2023,Grains & Pulses,1,Atta (Wheat),South Zone,37,Chennai,39
9424645,11-07-2023,Grains & Pulses,1,Atta (Wheat),South Zone,37,Chennai,39
9390940,07-07-2023,Grains & Pulses,1,Atta (Wheat),South Zone,37,Chennai,39
9400415,08-07-2023,Grains & Pulses,1,Atta (Wheat),South Zone,37,Chennai,39
9453831,06-07-2023,Grains & Pulses,1,Atta (Wheat),South Zone,37,Chennai,40
9444025,05-07-2023,Grains & Pulses,1,Atta (Wheat),South Zone,37,Chennai,40
9480787,09-07-2023,Grains & Pulses,1,Atta (Wheat),South Zone,37,Chennai,39
9463459,07-07-2023,Grains & Pulses,1,Atta (Wheat),South Zone,37,Chennai,39
9472934,08-07-2023,Grains & Pulses,1,Atta (Wheat),South Zone,37,Chennai,39
9526350,06-07-2023,Grains & Pulses,1,Atta (Wheat),South Zone,37,Chennai,40
9487395,10-07-2023,Grains & Pulses,1,Atta (Wheat),South Zone,37,Chennai,39
9497164,11-07-2023,Grains & Pulses,1,Atta (Wheat),South Zone,37,Chennai,39
9506849,04-07-2023,Grains & Pulses,1,Atta (Wheat),South Zone,37,Chennai,40
9516544,05-07-2023,Grains & Pulses,1,Atta (Wheat),South Zone,37,Chennai,40
9662890,21-07-2023,Grains & Pulses,1,Atta (Wheat),South Zone,37,Chennai,41
9535978,07-07-2023,Grains & Pulses,1,Atta (Wheat),South Zone,37,Chennai,39
9569683,11-07-2023,Grains & Pulses,1,Atta (Wheat),South Zone,37,Chennai,39
9589078,13-07-2023,Grains & Pulses,1,Atta (Wheat),South Zone,37,Chennai,41
9598297,14-07-2023,Grains & Pulses,1,Atta (Wheat),South Zone,37,Chennai,41
9608210,15-07-2023,Grains & Pulses,1,Atta (Wheat),South Zone,37,Chennai,41
9617304,16-07-2023,Grains & Pulses,1,Atta (Wheat),South Zone,37,Chennai,41
9652860,20-07-2023,Grains & Pulses,1,Atta (Wheat),South Zone,37,Chennai,41
9545453,08-07-2023,Grains & Pulses,1,Atta (Wheat),South Zone,37,Chennai,39
9553306,09-07-2023,Grains & Pulses,1,Atta (Wheat),South Zone,37,Chennai,39
9559914,10-07-2023,Grains & Pulses,1,Atta (Wheat),South Zone,37,Chennai,39
9579367,12-07-2023,Grains & Pulses,1,Atta (Wheat),South Zone,37,Chennai,41
9623819,17-07-2023,Grains & Pulses,1,Atta (Wheat),South Zone,37,Chennai,41
9633089,18-07-2023,Grains & Pulses,1,Atta (Wheat),South Zone,37,Chennai,41
9642898,19-07-2023,Grains & Pulses,1,Atta (Wheat),South Zone,37,Chennai,41
9698150,05-07-2023,Grains & Pulses,1,Atta (Wheat),South Zone,37,Chennai,40
9681718,23-07-2023,Grains & Pulses,1,Atta (Wheat),South Zone,37,Chennai,41
9672854,22-07-2023,Grains & Pulses,1,Atta (Wheat),South Zone,37,Chennai,41
9688455,04-07-2023,Grains & Pulses,1,Atta (Wheat),South Zone,37,Chennai,40
9727059,08-07-2023,Grains & Pulses,1,Atta (Wheat),South Zone,37,Chennai,39
9707956,06-07-2023,Grains & Pulses,1,Atta (Wheat),South Zone,37,Chennai,40
9717584,07-07-2023,Grains & Pulses,1,Atta (Wheat),South Zone,37,Chennai,39
9751289,11-07-2023,Grains & Pulses,1,Atta (Wheat),South Zone,37,Chennai,39
9734912,09-07-2023,Grains & Pulses,1,Atta (Wheat),South Zone,37,Chennai,39
9741520,10-07-2023,Grains & Pulses,1,Atta (Wheat),South Zone,37,Chennai,39
9798910,16-07-2023,Grains & Pulses,1,Atta (Wheat),South Zone,37,Chennai,41
9779903,14-07-2023,Grains & Pulses,1,Atta (Wheat),South Zone,37,Chennai,41
9789816,15-07-2023,Grains & Pulses,1,Atta (Wheat),South Zone,37,Chennai,41
9760973,12-07-2023,Grains & Pulses,1,Atta (Wheat),South Zone,37,Chennai,41
9770684,13-07-2023,Grains & Pulses,1,Atta (Wheat),South Zone,37,Chennai,41
9824504,19-07-2023,Grains & Pulses,1,Atta (Wheat),South Zone,37,Chennai,41
9814695,18-07-2023,Grains & Pulses,1,Atta (Wheat),South Zone,37,Chennai,41
9805425,17-07-2023,Grains & Pulses,1,Atta (Wheat),South Zone,37,Chennai,41
9844496,21-07-2023,Grains & Pulses,1,Atta (Wheat),South Zone,37,Chennai,41
9834466,20-07-2023,Grains & Pulses,1,Atta (Wheat),South Zone,37,Chennai,41
9889562,06-07-2023,Grains & Pulses,1,Atta (Wheat),South Zone,37,Chennai,40
9854460,22-07-2023,Grains & Pulses,1,Atta (Wheat),South Zone,37,Chennai,41
9879756,05-07-2023,Grains & Pulses,1,Atta (Wheat),South Zone,37,Chennai,40
9863324,23-07-2023,Grains & Pulses,1,Atta (Wheat),South Zone,37,Chennai,41
9870061,04-07-2023,Grains & Pulses,1,Atta (Wheat),South Zone,37,Chennai,40
9942579,12-07-2023,Grains & Pulses,1,Atta (Wheat),South Zone,37,Chennai,41
9916518,09-07-2023,Grains & Pulses,1,Atta (Wheat),South Zone,37,Chennai,39
9932895,11-07-2023,Grains & Pulses,1,Atta (Wheat),South Zone,37,Chennai,39
9899190,07-07-2023,Grains & Pulses,1,Atta (Wheat),South Zone,37,Chennai,39
9908665,08-07-2023,Grains & Pulses,1,Atta (Wheat),South Zone,37,Chennai,39
9923126,10-07-2023,Grains & Pulses,1,Atta (Wheat),South Zone,37,Chennai,39
9952290,13-07-2023,Grains & Pulses,1,Atta (Wheat),South Zone,37,Chennai,41
9961509,14-07-2023,Grains & Pulses,1,Atta (Wheat),South Zone,37,Chennai,41
9971422,15-07-2023,Grains & Pulses,1,Atta (Wheat),South Zone,37,Chennai,41
9987031,17-07-2023,Grains & Pulses,1,Atta (Wheat),South Zone,37,Chennai,41
9980516,16-07-2023,Grains & Pulses,1,Atta (Wheat),South Zone,37,Chennai,41
10044930,23-07-2023,Grains & Pulses,1,Atta (Wheat),South Zone,37,Chennai,41
10006110,19-07-2023,Grains & Pulses,1,Atta (Wheat),South Zone,37,Chennai,41
10016072,20-07-2023,Grains & Pulses,1,Atta (Wheat),South Zone,37,Chennai,41
10026102,21-07-2023,Grains & Pulses,1,Atta (Wheat),South Zone,37,Chennai,41
9996301,18-07-2023,Grains & Pulses,1,Atta (Wheat),South Zone,37,Chennai,41
10036066,22-07-2023,Grains & Pulses,1,Atta (Wheat),South Zone,37,Chennai,41
10051667,24-07-2023,Grains & Pulses,1,Atta (Wheat),South Zone,37,Chennai,41
10061704,12-07-2023,Grains & Pulses,1,Atta (Wheat),South Zone,37,Chennai,41
10071415,13-07-2023,Grains & Pulses,1,Atta (Wheat),South Zone,37,Chennai,41
10099641,16-07-2023,Grains & Pulses,1,Atta (Wheat),South Zone,37,Chennai,41
10080634,14-07-2023,Grains & Pulses,1,Atta (Wheat),South Zone,37,Chennai,41
10090547,15-07-2023,Grains & Pulses,1,Atta (Wheat),South Zone,37,Chennai,41
10125235,19-07-2023,Grains & Pulses,1,Atta (Wheat),South Zone,37,Chennai,41
10106156,17-07-2023,Grains & Pulses,1,Atta (Wheat),South Zone,37,Chennai,41
10115426,18-07-2023,Grains & Pulses,1,Atta (Wheat),South Zone,37,Chennai,41
10135197,20-07-2023,Grains & Pulses,1,Atta (Wheat),South Zone,37,Chennai,41
10145227,21-07-2023,Grains & Pulses,1,Atta (Wheat),South Zone,37,Chennai,41
10164055,23-07-2023,Grains & Pulses,1,Atta (Wheat),South Zone,37,Chennai,41
10155191,22-07-2023,Grains & Pulses,1,Atta (Wheat),South Zone,37,Chennai,41
10190890,26-07-2023,Grains & Pulses,1,Atta (Wheat),South Zone,37,Chennai,41
10180829,25-07-2023,Grains & Pulses,1,Atta (Wheat),South Zone,37,Chennai,41
10170792,24-07-2023,Grains & Pulses,1,Atta (Wheat),South Zone,37,Chennai,41
10200621,27-07-2023,Grains & Pulses,1,Atta (Wheat),South Zone,37,Chennai,41
10219798,29-07-2023,Grains & Pulses,1,Atta (Wheat),South Zone,37,Chennai,39
10210294,28-07-2023,Grains & Pulses,1,Atta (Wheat),South Zone,37,Chennai,39
10227840,30-07-2023,Grains & Pulses,1,Atta (Wheat),South Zone,37,Chennai,39
10283420,05-08-2023,Grains & Pulses,1,Atta (Wheat),South Zone,37,Chennai,41
10234290,31-07-2023,Grains & Pulses,1,Atta (Wheat),South Zone,37,Chennai,40
10253946,02-08-2023,Grains & Pulses,1,Atta (Wheat),South Zone,37,Chennai,40
10263620,03-08-2023,Grains & Pulses,1,Atta (Wheat),South Zone,37,Chennai,41
10243976,01-08-2023,Grains & Pulses,1,Atta (Wheat),South Zone,37,Chennai,40
10273586,04-08-2023,Grains & Pulses,1,Atta (Wheat),South Zone,37,Chennai,41
10328388,10-08-2023,Grains & Pulses,1,Atta (Wheat),South Zone,37,Chennai,41
10298880,07-08-2023,Grains & Pulses,1,Atta (Wheat),South Zone,37,Chennai,41
10292349,06-08-2023,Grains & Pulses,1,Atta (Wheat),South Zone,37,Chennai,41
10308795,08-08-2023,Grains & Pulses,1,Atta (Wheat),South Zone,37,Chennai,41
10318878,09-08-2023,Grains & Pulses,1,Atta (Wheat),South Zone,37,Chennai,41
10348463,12-08-2023,Grains & Pulses,1,Atta (Wheat),South Zone,37,Chennai,41
10338350,11-08-2023,Grains & Pulses,1,Atta (Wheat),South Zone,37,Chennai,41
10363717,14-08-2023,Grains & Pulses,1,Atta (Wheat),South Zone,37,Chennai,40
10356820,13-08-2023,Grains & Pulses,1,Atta (Wheat),South Zone,37,Chennai,41
10380047,16-08-2023,Grains & Pulses,1,Atta (Wheat),South Zone,37,Chennai,40
10373577,15-08-2023,Grains & Pulses,1,Atta (Wheat),South Zone,37,Chennai,40
10466152,25-08-2023,Grains & Pulses,1,Atta (Wheat),South Zone,37,Chennai,41
10390076,17-08-2023,Grains & Pulses,1,Atta (Wheat),South Zone,37,Chennai,40
10400167,18-08-2023,Grains & Pulses,1,Atta (Wheat),South Zone,37,Chennai,40
10410098,19-08-2023,Grains & Pulses,1,Atta (Wheat),South Zone,37,Chennai,40
10426024,21-08-2023,Grains & Pulses,1,Atta (Wheat),South Zone,37,Chennai,40
10445930,23-08-2023,Grains & Pulses,1,Atta (Wheat),South Zone,37,Chennai,40
10456043,24-08-2023,Grains & Pulses,1,Atta (Wheat),South Zone,37,Chennai,41
10419165,20-08-2023,Grains & Pulses,1,Atta (Wheat),South Zone,37,Chennai,40
10435986,22-08-2023,Grains & Pulses,1,Atta (Wheat),South Zone,37,Chennai,40
10491590,28-08-2023,Grains & Pulses,1,Atta (Wheat),South Zone,37,Chennai,41
10476095,26-08-2023,Grains & Pulses,1,Atta (Wheat),South Zone,37,Chennai,41
10484718,27-08-2023,Grains & Pulses,1,Atta (Wheat),South Zone,37,Chennai,41
10501451,29-08-2023,Grains & Pulses,1,Atta (Wheat),South Zone,37,Chennai,41
10519935,31-08-2023,Grains & Pulses,1,Atta (Wheat),South Zone,37,Chennai,41
10511141,30-08-2023,Grains & Pulses,1,Atta (Wheat),South Zone,37,Chennai,41
10528945,28-08-2023,Grains & Pulses,1,Atta (Wheat),South Zone,37,Chennai,41
10628326,05-09-2023,Grains & Pulses,1,Atta (Wheat),South Zone,37,Chennai,41
10548496,30-08-2023,Grains & Pulses,1,Atta (Wheat),South Zone,37,Chennai,41
10576419,02-09-2023,Grains & Pulses,1,Atta (Wheat),South Zone,37,Chennai,41
10618128,04-09-2023,Grains & Pulses,1,Atta (Wheat),South Zone,37,Chennai,41
10538806,29-08-2023,Grains & Pulses,1,Atta (Wheat),South Zone,37,Chennai,41
10557290,31-08-2023,Grains & Pulses,1,Atta (Wheat),South Zone,37,Chennai,41
10566297,01-09-2023,Grains & Pulses,1,Atta (Wheat),South Zone,37,Chennai,41
10585492,03-09-2023,Grains & Pulses,1,Atta (Wheat),South Zone,37,Chennai,41
10592211,01-09-2023,Grains & Pulses,1,Atta (Wheat),South Zone,37,Chennai,41
10602333,02-09-2023,Grains & Pulses,1,Atta (Wheat),South Zone,37,Chennai,41
10611407,03-09-2023,Grains & Pulses,1,Atta (Wheat),South Zone,37,Chennai,41
10647823,07-09-2023,Grains & Pulses,1,Atta (Wheat),South Zone,37,Chennai,41
10681972,11-09-2023,Grains & Pulses,1,Atta (Wheat),South Zone,37,Chennai,41
10667090,09-09-2023,Grains & Pulses,1,Atta (Wheat),South Zone,37,Chennai,41
10675262,10-09-2023,Grains & Pulses,1,Atta (Wheat),South Zone,37,Chennai,41
10656972,08-09-2023,Grains & Pulses,1,Atta (Wheat),South Zone,37,Chennai,41
